{
  "best_classifier": "XGBoost",
  "test_metrics": {
    "accuracy": 1.0,
    "f1": 1.0,
    "precision": 1.0,
    "recall": 1.0,
    "auc": 1.0
  },
  "all_classifiers": {
    "XGBoost": {
      "accuracy": 1.0,
      "f1": 1.0,
      "precision": 1.0,
      "recall": 1.0,
      "auc": 1.0,
      "train_time": 13.344600677490234,
      "cv_f1_mean": 0.9688973397175502,
      "cv_f1_std": 0.02212557373562265,
      "cv_acc_mean": 0.9694117647058823,
      "cv_acc_std": 0.021820278812931086,
      "cv_auc_mean": 0.9972314507198228,
      "cv_auc_std": 0.002971518906976455
    },
    "Random Forest": {
      "accuracy": 0.9733333333333334,
      "f1": 0.9761904761904762,
      "precision": 1.0,
      "recall": 0.9534883720930233,
      "auc": 0.9992732558139534,
      "train_time": 7.517397165298462,
      "cv_f1_mean": 0.9440917107583775,
      "cv_f1_std": 0.03882314566739501,
      "cv_acc_mean": 0.9458823529411763,
      "cv_acc_std": 0.03837530924776493,
      "cv_auc_mean": 0.993576965669989,
      "cv_auc_std": 0.009908776725699932
    },
    "Decision Tree": {
      "accuracy": 0.96,
      "f1": 0.9662921348314607,
      "precision": 0.9347826086956522,
      "recall": 1.0,
      "auc": 0.9956395348837209,
      "train_time": 1.2626368999481201,
      "cv_f1_mean": 0.9244607767555377,
      "cv_f1_std": 0.02446358488876572,
      "cv_acc_mean": 0.9270588235294117,
      "cv_acc_std": 0.02281261109372387,
      "cv_auc_mean": 0.9545957918050941,
      "cv_auc_std": 0.01757363779315148
    }
  }
}